epoch, time   , train/loss, metrics/accuracy_top1, metrics/accuracy_top5, val/loss, lr/pg0    , lr/pg1    , lr/pg2    , lr/pg3    , lr/pg4    , lr/pg5    , lr/pg6    , lr/pg7
    1, 182.352,    2.74621,               0.67882,               0.89775,  1.17249, 0.00999808, 0.00333269, 0.00999808, 0.00333269, 0.00999808, 0.00333269, 0.00999808, 0.00333269
    2, 320.285,    1.47713,               0.7447 ,               0.93518,  0.90567, 0.0199785 , 0.00665951, 0.0199785 , 0.00665951, 0.0199785 , 0.00665951, 0.0199785 , 0.00665951
3,439.133,1.49872,0.74393,0.9348,0.91821,0.029881,0.00996033,0.029881,0.00996033,0.029881,0.00996033,0.029881,0.00996033
4,552.954,1.59222,0.7625,0.94205,0.83488,0.029737,0.00991232,0.029737,0.00991232,0.029737,0.00991232,0.029737,0.00991232
